{
  "variants": {
    "facing=down": {
      "model": "random_grabbag:pinknetherquartz_large_bud",
      "x": 180
    },
    "facing=east": {
      "model": "random_grabbag:pinknetherquartz_large_bud",
      "x": 90,
      "y": 90
    },
    "facing=north": {
      "model": "random_grabbag:pinknetherquartz_large_bud",
      "x": 90
    },
    "facing=south": {
      "model": "random_grabbag:pinknetherquartz_large_bud",
      "x": 90,
      "y": 180
    },
    "facing=up": {
      "model": "random_grabbag:pinknetherquartz_large_bud"
    },
    "facing=west": {
      "model": "random_grabbag:pinknetherquartz_large_bud",
      "x": 90,
      "y": 270
    }
  }
}
