
{
  "ID": 272,
  "Name": "Crimson Forest",
  "Resource Location": "nb:crimson_forest",
  "Class": "com.unseen.nb.common.world.biome.BiomeCrimsonForest",
  "Root Height": 3.8,
  "Height Variation": 0.2,
  "Top Block": "nb:crimson_grass",
  "Filler Block": "minecraft:dirt[snowy\u003dfalse,variant\u003ddirt]",
  "Ocean Top Block": "minecraft:gravel",
  "Ocean Filler Block": "minecraft:stone[variant\u003dstone]",
  "Actual Filler Blocks": [
    "minecraft:stone[variant\u003dstone]"
  ],
  "Grass Color": "Not set. Check in-game.",
  "Foliage Color": "Not set. Check in-game.",
  "Water Color": "4159204",
  "Temperature": 2.0,
  "Humidity": 0.5,
  "Water Tint": 4159204,
  "Enable Rain": false,
  "Enable Snow": false,
  "Dictionary Types": [
    "HOT",
    "VOID",
    "NETHER"
  ],
  "BiomeManager Entries": {},
  "Spawnable Creatures": [
    {
      "Entity Class": "com.unseen.nb.common.entity.entities.EntityStrider",
      "Weight": 20,
      "Min Group Count": 1,
      "Max Group Count": 2
    },
    {
      "Entity Class": "com.unseen.nb.common.entity.entities.EntityHoglin",
      "Weight": 40,
      "Min Group Count": 3,
      "Max Group Count": 4
    }
  ],
  "Spawnable Monsters": [
    {
      "Entity Class": "com.unseen.nb.common.entity.entities.EntityPiglin",
      "Weight": 20,
      "Min Group Count": 2,
      "Max Group Count": 4
    },
    {
      "Entity Class": "com.unseen.nb.common.entity.entities.EntityPiglinZombie",
      "Weight": 4,
      "Min Group Count": 2,
      "Max Group Count": 4
    }
  ],
  "Spawnable Water Creatures": [],
  "Spawnable Cave Creatures": [],
  "Spawn Biome": false,
  "Tweaked": true,
  "BOP Generators": {},
  "BOP Owner": "OTHER",
  "BOP Weight Map": {},
  "BOP Climate Weights": {},
  "BOP Island Weight": 0
}