
{
  "ID": 235,
  "Name": "Fungai Forest",
  "Resource Location": "biometweaker:fungaiforest",
  "Class": "net.minecraft.world.biome.BiomeForest",
  "Root Height": 3.8,
  "Height Variation": 0.2,
  "Top Block": "minecraft:netherrack",
  "Filler Block": "minecraft:netherrack",
  "Ocean Top Block": "minecraft:gravel",
  "Ocean Filler Block": "minecraft:stone[variant\u003dstone]",
  "Actual Filler Blocks": [
    "minecraft:stone[variant\u003dstone]"
  ],
  "Grass Color": "Not set. Check in-game.",
  "Foliage Color": "Not set. Check in-game.",
  "Water Color": "4159204",
  "Temperature": 2.0,
  "Humidity": 0.0,
  "Water Tint": 4159204,
  "Enable Rain": false,
  "Enable Snow": false,
  "Dictionary Types": [
    "DRY",
    "HOT",
    "NETHER"
  ],
  "BiomeManager Entries": {},
  "Spawnable Creatures": [],
  "Spawnable Monsters": [
    {
      "Entity Class": "drzhark.mocreatures.entity.hostile.MoCEntityFireScorpion",
      "Weight": 6,
      "Min Group Count": 1,
      "Max Group Count": 3
    }
  ],
  "Spawnable Water Creatures": [],
  "Spawnable Cave Creatures": [
    {
      "Entity Class": "drzhark.mocreatures.entity.ambient.MoCEntityAnt",
      "Weight": 12,
      "Min Group Count": 1,
      "Max Group Count": 4
    },
    {
      "Entity Class": "drzhark.mocreatures.entity.ambient.MoCEntityRoach",
      "Weight": 10,
      "Min Group Count": 1,
      "Max Group Count": 2
    }
  ],
  "Spawn Biome": true,
  "Tweaked": true,
  "BOP Generators": {},
  "BOP Owner": "OTHER",
  "BOP Weight Map": {},
  "BOP Climate Weights": {},
  "BOP Island Weight": 0
}