
{
  "ID": 52,
  "Name": "Lush Swamp",
  "Resource Location": "biomesoplenty:lush_swamp",
  "Class": "biomesoplenty.common.biome.overworld.BiomeGenLushSwamp",
  "Root Height": -0.11764706,
  "Height Variation": 0.043750003,
  "Top Block": "minecraft:grass[snowy\u003dfalse]",
  "Filler Block": "minecraft:dirt[snowy\u003dfalse,variant\u003ddirt]",
  "Ocean Top Block": "minecraft:gravel",
  "Ocean Filler Block": "minecraft:stone[variant\u003dstone]",
  "Actual Filler Blocks": [
    "minecraft:stone[variant\u003dstone]"
  ],
  "Grass Color": "Not set. Check in-game.",
  "Foliage Color": "Not set. Check in-game.",
  "Water Color": "4159204",
  "Temperature": 0.7,
  "Humidity": 1.0,
  "Water Tint": 4159204,
  "Enable Rain": true,
  "Enable Snow": false,
  "Dictionary Types": [
    "SWAMP",
    "WET",
    "LUSH",
    "DENSE"
  ],
  "BiomeManager Entries": {},
  "Spawnable Creatures": [
    {
      "Entity Class": "net.minecraft.entity.passive.EntitySheep",
      "Weight": 12,
      "Min Group Count": 4,
      "Max Group Count": 4
    },
    {
      "Entity Class": "net.minecraft.entity.passive.EntityPig",
      "Weight": 10,
      "Min Group Count": 4,
      "Max Group Count": 4
    },
    {
      "Entity Class": "net.minecraft.entity.passive.EntityChicken",
      "Weight": 10,
      "Min Group Count": 4,
      "Max Group Count": 4
    },
    {
      "Entity Class": "net.minecraft.entity.passive.EntityCow",
      "Weight": 8,
      "Min Group Count": 4,
      "Max Group Count": 4
    },
    {
      "Entity Class": "drzhark.mocreatures.entity.hunter.MoCEntityCrocodile",
      "Weight": 10,
      "Min Group Count": 1,
      "Max Group Count": 2
    },
    {
      "Entity Class": "drzhark.mocreatures.entity.hunter.MoCEntityKomodo",
      "Weight": 12,
      "Min Group Count": 1,
      "Max Group Count": 2
    },
    {
      "Entity Class": "drzhark.mocreatures.entity.passive.MoCEntityMole",
      "Weight": 10,
      "Min Group Count": 1,
      "Max Group Count": 2
    },
    {
      "Entity Class": "mod.reborn.server.entity.animal.GoatEntity",
      "Weight": 10,
      "Min Group Count": 2,
      "Max Group Count": 4
    }
  ],
  "Spawnable Monsters": [
    {
      "Entity Class": "net.minecraft.entity.monster.EntitySpider",
      "Weight": 100,
      "Min Group Count": 4,
      "Max Group Count": 4
    },
    {
      "Entity Class": "net.minecraft.entity.monster.EntityZombie",
      "Weight": 95,
      "Min Group Count": 4,
      "Max Group Count": 4
    },
    {
      "Entity Class": "net.minecraft.entity.monster.EntityZombieVillager",
      "Weight": 5,
      "Min Group Count": 1,
      "Max Group Count": 1
    },
    {
      "Entity Class": "net.minecraft.entity.monster.EntitySkeleton",
      "Weight": 100,
      "Min Group Count": 4,
      "Max Group Count": 4
    },
    {
      "Entity Class": "net.minecraft.entity.monster.EntityCreeper",
      "Weight": 100,
      "Min Group Count": 4,
      "Max Group Count": 4
    },
    {
      "Entity Class": "net.minecraft.entity.monster.EntitySlime",
      "Weight": 100,
      "Min Group Count": 4,
      "Max Group Count": 4
    },
    {
      "Entity Class": "net.minecraft.entity.monster.EntityEnderman",
      "Weight": 10,
      "Min Group Count": 1,
      "Max Group Count": 4
    },
    {
      "Entity Class": "net.minecraft.entity.monster.EntityWitch",
      "Weight": 5,
      "Min Group Count": 1,
      "Max Group Count": 1
    },
    {
      "Entity Class": "net.minecraft.entity.monster.EntitySlime",
      "Weight": 10,
      "Min Group Count": 1,
      "Max Group Count": 3
    },
    {
      "Entity Class": "com.deeperdepths.common.entities.EntityBogged",
      "Weight": 5,
      "Min Group Count": 1,
      "Max Group Count": 3
    }
  ],
  "Spawnable Water Creatures": [
    {
      "Entity Class": "net.minecraft.entity.passive.EntitySquid",
      "Weight": 10,
      "Min Group Count": 4,
      "Max Group Count": 4
    },
    {
      "Entity Class": "drzhark.mocreatures.entity.aquatic.MoCEntityBass",
      "Weight": 10,
      "Min Group Count": 1,
      "Max Group Count": 4
    },
    {
      "Entity Class": "drzhark.mocreatures.entity.aquatic.MoCEntityPiranha",
      "Weight": 4,
      "Min Group Count": 1,
      "Max Group Count": 3
    },
    {
      "Entity Class": "drzhark.mocreatures.entity.aquatic.MoCEntityStingRay",
      "Weight": 10,
      "Min Group Count": 1,
      "Max Group Count": 2
    }
  ],
  "Spawnable Cave Creatures": [
    {
      "Entity Class": "net.minecraft.entity.passive.EntityBat",
      "Weight": 10,
      "Min Group Count": 8,
      "Max Group Count": 8
    },
    {
      "Entity Class": "drzhark.mocreatures.entity.ambient.MoCEntityAnt",
      "Weight": 12,
      "Min Group Count": 1,
      "Max Group Count": 4
    },
    {
      "Entity Class": "drzhark.mocreatures.entity.ambient.MoCEntityCricket",
      "Weight": 10,
      "Min Group Count": 1,
      "Max Group Count": 2
    }
  ],
  "Spawn Biome": true,
  "Tweaked": false,
  "BOP Generators": {
    "LILYPAD Generators": [
      {
        "ID": "flora",
        "Name": "medium_lily"
      },
      {
        "ID": "flora",
        "Name": "algae"
      },
      {
        "ID": "flora",
        "Name": "small_lily"
      },
      {
        "ID": "flora",
        "Name": "flower_lily"
      },
      {
        "ID": "flora",
        "Name": "tiny_lily"
      },
      {
        "ID": "flora",
        "Name": "water_reeds"
      },
      {
        "ID": "flora",
        "Name": "lily"
      }
    ],
    "FLOWERS Generators": [
      {
        "ID": "flora",
        "Name": "koru"
      },
      {
        "ID": "flora",
        "Name": "leaf_piles"
      },
      {
        "ID": "columns",
        "Name": "sugar_cane"
      },
      {
        "ID": "columns",
        "Name": "river_cane"
      }
    ],
    "SAND Generators": [
      {
        "ID": "lakes",
        "Name": "poison_lakes"
      },
      {
        "ID": "ore_single",
        "Name": "malachite"
      }
    ],
    "SAND_PASS2 Generators": [
      {
        "ID": "waterside",
        "Name": "sand"
      },
      {
        "ID": "waterside",
        "Name": "mud"
      }
    ],
    "SHROOM Generators": [
      {
        "ID": "flora",
        "Name": "brown_mushrooms"
      },
      {
        "ID": "flora",
        "Name": "red_mushrooms"
      }
    ],
    "TREE Generators": [
      {
        "ID": "weighted",
        "Name": "trees"
      }
    ]
  },
  "BOP Owner": "BIOMESOPLENTY",
  "BOP Weight Map": {
    "WET_TEMPERATE": 10
  },
  "BOP Climate Weights": {
    "WET_TEMPERATE": [
      10
    ]
  },
  "BOP Island Weight": 0
}