
{
  "ID": 65,
  "Name": "MountainFoothills",
  "Resource Location": "biomesoplenty:mountain_foothills",
  "Class": "biomesoplenty.common.biome.overworld.BiomeGenMountain",
  "Root Height": 2.0588236,
  "Height Variation": 0.41875,
  "Top Block": "minecraft:grass[snowy\u003dfalse]",
  "Filler Block": "minecraft:dirt[snowy\u003dfalse,variant\u003ddirt]",
  "Ocean Top Block": "minecraft:gravel",
  "Ocean Filler Block": "minecraft:stone[variant\u003dstone]",
  "Actual Filler Blocks": [
    "minecraft:stone[variant\u003dstone]"
  ],
  "Grass Color": "Not set. Check in-game.",
  "Foliage Color": "Not set. Check in-game.",
  "Water Color": "4159204",
  "Temperature": 0.5,
  "Humidity": 0.1,
  "Water Tint": 4159204,
  "Enable Rain": true,
  "Enable Snow": false,
  "Dictionary Types": [
    "SPARSE",
    "DRY",
    "FOREST",
    "HILLS",
    "MOUNTAIN"
  ],
  "BiomeManager Entries": {},
  "Spawnable Creatures": [
    {
      "Entity Class": "net.minecraft.entity.passive.EntitySheep",
      "Weight": 12,
      "Min Group Count": 4,
      "Max Group Count": 4
    },
    {
      "Entity Class": "net.minecraft.entity.passive.EntityPig",
      "Weight": 10,
      "Min Group Count": 4,
      "Max Group Count": 4
    },
    {
      "Entity Class": "net.minecraft.entity.passive.EntityChicken",
      "Weight": 10,
      "Min Group Count": 4,
      "Max Group Count": 4
    },
    {
      "Entity Class": "net.minecraft.entity.passive.EntityCow",
      "Weight": 8,
      "Min Group Count": 4,
      "Max Group Count": 4
    },
    {
      "Entity Class": "drzhark.mocreatures.entity.passive.MoCEntityMole",
      "Weight": 10,
      "Min Group Count": 1,
      "Max Group Count": 2
    },
    {
      "Entity Class": "drzhark.mocreatures.entity.passive.MoCEntityMouse",
      "Weight": 10,
      "Min Group Count": 1,
      "Max Group Count": 2
    },
    {
      "Entity Class": "drzhark.mocreatures.entity.hunter.MoCEntityRaccoon",
      "Weight": 12,
      "Min Group Count": 1,
      "Max Group Count": 2
    },
    {
      "Entity Class": "mod.reborn.server.entity.animal.GoatEntity",
      "Weight": 10,
      "Min Group Count": 2,
      "Max Group Count": 4
    }
  ],
  "Spawnable Monsters": [
    {
      "Entity Class": "net.minecraft.entity.monster.EntitySpider",
      "Weight": 100,
      "Min Group Count": 4,
      "Max Group Count": 4
    },
    {
      "Entity Class": "net.minecraft.entity.monster.EntityZombie",
      "Weight": 95,
      "Min Group Count": 4,
      "Max Group Count": 4
    },
    {
      "Entity Class": "net.minecraft.entity.monster.EntityZombieVillager",
      "Weight": 5,
      "Min Group Count": 1,
      "Max Group Count": 1
    },
    {
      "Entity Class": "net.minecraft.entity.monster.EntitySkeleton",
      "Weight": 100,
      "Min Group Count": 4,
      "Max Group Count": 4
    },
    {
      "Entity Class": "net.minecraft.entity.monster.EntityCreeper",
      "Weight": 100,
      "Min Group Count": 4,
      "Max Group Count": 4
    },
    {
      "Entity Class": "net.minecraft.entity.monster.EntitySlime",
      "Weight": 100,
      "Min Group Count": 4,
      "Max Group Count": 4
    },
    {
      "Entity Class": "net.minecraft.entity.monster.EntityEnderman",
      "Weight": 10,
      "Min Group Count": 1,
      "Max Group Count": 4
    },
    {
      "Entity Class": "net.minecraft.entity.monster.EntityWitch",
      "Weight": 5,
      "Min Group Count": 1,
      "Max Group Count": 1
    },
    {
      "Entity Class": "drzhark.mocreatures.entity.hostile.MoCEntityWerewolf",
      "Weight": 8,
      "Min Group Count": 1,
      "Max Group Count": 4
    },
    {
      "Entity Class": "drzhark.mocreatures.entity.hostile.MoCEntityRat",
      "Weight": 7,
      "Min Group Count": 1,
      "Max Group Count": 2
    }
  ],
  "Spawnable Water Creatures": [
    {
      "Entity Class": "net.minecraft.entity.passive.EntitySquid",
      "Weight": 10,
      "Min Group Count": 4,
      "Max Group Count": 4
    },
    {
      "Entity Class": "drzhark.mocreatures.entity.aquatic.MoCEntityBass",
      "Weight": 10,
      "Min Group Count": 1,
      "Max Group Count": 4
    }
  ],
  "Spawnable Cave Creatures": [
    {
      "Entity Class": "net.minecraft.entity.passive.EntityBat",
      "Weight": 10,
      "Min Group Count": 8,
      "Max Group Count": 8
    },
    {
      "Entity Class": "drzhark.mocreatures.entity.ambient.MoCEntityAnt",
      "Weight": 12,
      "Min Group Count": 1,
      "Max Group Count": 4
    },
    {
      "Entity Class": "drzhark.mocreatures.entity.ambient.MoCEntityButterfly",
      "Weight": 12,
      "Min Group Count": 1,
      "Max Group Count": 4
    },
    {
      "Entity Class": "drzhark.mocreatures.entity.ambient.MoCEntityCricket",
      "Weight": 10,
      "Min Group Count": 1,
      "Max Group Count": 2
    }
  ],
  "Spawn Biome": false,
  "Tweaked": false,
  "BOP Generators": {
    "LILYPAD Generators": [
      {
        "ID": "flora",
        "Name": "water_reeds"
      }
    ],
    "FLOWERS Generators": [
      {
        "ID": "flora",
        "Name": "leaf_piles"
      },
      {
        "ID": "flora",
        "Name": "dead_leaf_piles"
      },
      {
        "ID": "flora",
        "Name": "berry_bushes"
      }
    ],
    "SAND Generators": [
      {
        "ID": "ore_single",
        "Name": "emeralds"
      },
      {
        "ID": "lakes",
        "Name": "lakes"
      }
    ],
    "SAND_PASS2 Generators": [
      {
        "ID": "waterside",
        "Name": "gravel"
      }
    ],
    "TREE Generators": [
      {
        "ID": "weighted",
        "Name": "trees"
      }
    ]
  },
  "BOP Owner": "BIOMESOPLENTY",
  "BOP Weight Map": {},
  "BOP Climate Weights": {},
  "BOP Island Weight": 0
}