
{
  "ID": 14,
  "Name": "MushroomIsland",
  "Resource Location": "minecraft:mushroom_island",
  "Class": "net.minecraft.world.biome.BiomeMushroomIsland",
  "Root Height": 3.9,
  "Height Variation": 0.3,
  "Top Block": "minecraft:mycelium[snowy\u003dfalse]",
  "Filler Block": "minecraft:dirt[snowy\u003dfalse,variant\u003ddirt]",
  "Ocean Top Block": "minecraft:gravel",
  "Ocean Filler Block": "minecraft:stone[variant\u003dstone]",
  "Actual Filler Blocks": [
    "minecraft:stone[variant\u003dstone]"
  ],
  "Grass Color": "Not set. Check in-game.",
  "Foliage Color": "Not set. Check in-game.",
  "Water Color": "4159204",
  "Temperature": 0.9,
  "Humidity": 1.0,
  "Water Tint": 4159204,
  "Enable Rain": true,
  "Enable Snow": false,
  "Dictionary Types": [
    "MUSHROOM",
    "RARE"
  ],
  "BiomeManager Entries": {},
  "Spawnable Creatures": [
    {
      "Entity Class": "net.minecraft.entity.passive.EntityMooshroom",
      "Weight": 8,
      "Min Group Count": 4,
      "Max Group Count": 8
    },
    {
      "Entity Class": "quaternary.brownmooshrooms.EntityBrownMooshroom",
      "Weight": 8,
      "Min Group Count": 4,
      "Max Group Count": 8
    }
  ],
  "Spawnable Monsters": [],
  "Spawnable Water Creatures": [],
  "Spawnable Cave Creatures": [
    {
      "Entity Class": "net.minecraft.entity.passive.EntityBat",
      "Weight": 10,
      "Min Group Count": 8,
      "Max Group Count": 8
    }
  ],
  "Spawn Biome": false,
  "Tweaked": false,
  "BOP Generators": {
    "SAND Generators": [
      {
        "ID": "ore_single",
        "Name": "sapphire"
      }
    ],
    "SHROOM Generators": [
      {
        "ID": "flora",
        "Name": "glowshrooms_surface"
      }
    ]
  },
  "BOP Owner": "OTHER",
  "BOP Weight Map": {},
  "BOP Climate Weights": {},
  "BOP Island Weight": 0
}