
{
  "ID": 72,
  "Name": "Shifting Sands",
  "Resource Location": "mocreatures:wyvern_desert_isles",
  "Class": "drzhark.mocreatures.dimension.biome.MoCBiomeWyvernIslesDesert",
  "Root Height": 4.0,
  "Height Variation": 0.2,
  "Top Block": "mocreatures:silver_sand",
  "Filler Block": "mocreatures:silver_sandstone",
  "Ocean Top Block": "minecraft:gravel",
  "Ocean Filler Block": "minecraft:stone[variant\u003dstone]",
  "Actual Filler Blocks": [
    "minecraft:stone[variant\u003dstone]"
  ],
  "Grass Color": "Not set. Check in-game.",
  "Foliage Color": "Not set. Check in-game.",
  "Water Color": "1315923",
  "Temperature": 0.4,
  "Humidity": 0.0,
  "Water Tint": 1315923,
  "Enable Rain": false,
  "Enable Snow": false,
  "Dictionary Types": [
    "SANDY",
    "VOID",
    "WYVERN_LAIR",
    "MAGICAL",
    "COLD"
  ],
  "BiomeManager Entries": {},
  "Spawnable Creatures": [
    {
      "Entity Class": "drzhark.mocreatures.entity.passive.MoCEntityFilchLizard",
      "Weight": 6,
      "Min Group Count": 2,
      "Max Group Count": 4
    },
    {
      "Entity Class": "drzhark.mocreatures.entity.ambient.MoCEntityGrasshopper",
      "Weight": 6,
      "Min Group Count": 2,
      "Max Group Count": 4
    },
    {
      "Entity Class": "drzhark.mocreatures.entity.hunter.MoCEntitySnake",
      "Weight": 6,
      "Min Group Count": 1,
      "Max Group Count": 3
    },
    {
      "Entity Class": "drzhark.mocreatures.entity.neutral.MoCEntityWyvern",
      "Weight": 12,
      "Min Group Count": 2,
      "Max Group Count": 3
    },
    {
      "Entity Class": "drzhark.mocreatures.entity.hunter.MoCEntityLion",
      "Weight": 8,
      "Min Group Count": 1,
      "Max Group Count": 3
    }
  ],
  "Spawnable Monsters": [],
  "Spawnable Water Creatures": [],
  "Spawnable Cave Creatures": [],
  "Spawn Biome": false,
  "Tweaked": true,
  "BOP Generators": {},
  "BOP Owner": "OTHER",
  "BOP Weight Map": {},
  "BOP Climate Weights": {},
  "BOP Island Weight": 0
}