
{
  "ID": 224,
  "Name": "Sugi Forest",
  "Resource Location": "biometweaker:sugiforest",
  "Class": "net.minecraft.world.biome.BiomeForest",
  "Root Height": 2.25,
  "Height Variation": 0.65,
  "Top Block": "minecraft:grass[snowy\u003dfalse]",
  "Filler Block": "minecraft:dirt[snowy\u003dfalse,variant\u003ddirt]",
  "Ocean Top Block": "minecraft:gravel",
  "Ocean Filler Block": "minecraft:stone[variant\u003dstone]",
  "Actual Filler Blocks": [
    "minecraft:stone[variant\u003dstone]"
  ],
  "Grass Color": "-8013947",
  "Foliage Color": "-9984921",
  "Water Color": "662490",
  "Temperature": 0.25,
  "Humidity": 0.9,
  "Water Tint": 662490,
  "Enable Rain": true,
  "Enable Snow": false,
  "Dictionary Types": [
    "WET",
    "SUGIFOREST",
    "FOREST",
    "DENSE",
    "HILLS"
  ],
  "BiomeManager Entries": {},
  "Spawnable Creatures": [
    {
      "Entity Class": "net.minecraft.entity.passive.EntitySheep",
      "Weight": 12,
      "Min Group Count": 4,
      "Max Group Count": 4
    },
    {
      "Entity Class": "net.minecraft.entity.passive.EntityPig",
      "Weight": 10,
      "Min Group Count": 4,
      "Max Group Count": 4
    },
    {
      "Entity Class": "net.minecraft.entity.passive.EntityChicken",
      "Weight": 10,
      "Min Group Count": 4,
      "Max Group Count": 4
    },
    {
      "Entity Class": "net.minecraft.entity.passive.EntityCow",
      "Weight": 8,
      "Min Group Count": 4,
      "Max Group Count": 4
    },
    {
      "Entity Class": "net.minecraft.entity.passive.EntityWolf",
      "Weight": 5,
      "Min Group Count": 4,
      "Max Group Count": 4
    },
    {
      "Entity Class": "drzhark.mocreatures.entity.passive.MoCEntityMole",
      "Weight": 10,
      "Min Group Count": 1,
      "Max Group Count": 2
    },
    {
      "Entity Class": "drzhark.mocreatures.entity.passive.MoCEntityMouse",
      "Weight": 10,
      "Min Group Count": 1,
      "Max Group Count": 2
    },
    {
      "Entity Class": "drzhark.mocreatures.entity.hunter.MoCEntityRaccoon",
      "Weight": 12,
      "Min Group Count": 1,
      "Max Group Count": 2
    },
    {
      "Entity Class": "mod.reborn.server.entity.animal.GoatEntity",
      "Weight": 10,
      "Min Group Count": 2,
      "Max Group Count": 4
    }
  ],
  "Spawnable Monsters": [
    {
      "Entity Class": "net.minecraft.entity.monster.EntitySpider",
      "Weight": 100,
      "Min Group Count": 4,
      "Max Group Count": 4
    },
    {
      "Entity Class": "net.minecraft.entity.monster.EntityZombie",
      "Weight": 95,
      "Min Group Count": 4,
      "Max Group Count": 4
    },
    {
      "Entity Class": "net.minecraft.entity.monster.EntityZombieVillager",
      "Weight": 5,
      "Min Group Count": 1,
      "Max Group Count": 1
    },
    {
      "Entity Class": "net.minecraft.entity.monster.EntitySkeleton",
      "Weight": 100,
      "Min Group Count": 4,
      "Max Group Count": 4
    },
    {
      "Entity Class": "net.minecraft.entity.monster.EntityCreeper",
      "Weight": 100,
      "Min Group Count": 4,
      "Max Group Count": 4
    },
    {
      "Entity Class": "net.minecraft.entity.monster.EntitySlime",
      "Weight": 100,
      "Min Group Count": 4,
      "Max Group Count": 4
    },
    {
      "Entity Class": "net.minecraft.entity.monster.EntityEnderman",
      "Weight": 10,
      "Min Group Count": 1,
      "Max Group Count": 4
    },
    {
      "Entity Class": "net.minecraft.entity.monster.EntityWitch",
      "Weight": 5,
      "Min Group Count": 1,
      "Max Group Count": 1
    },
    {
      "Entity Class": "drzhark.mocreatures.entity.hostile.MoCEntityWerewolf",
      "Weight": 8,
      "Min Group Count": 1,
      "Max Group Count": 4
    },
    {
      "Entity Class": "drzhark.mocreatures.entity.hostile.MoCEntityRat",
      "Weight": 7,
      "Min Group Count": 1,
      "Max Group Count": 2
    }
  ],
  "Spawnable Water Creatures": [
    {
      "Entity Class": "net.minecraft.entity.passive.EntitySquid",
      "Weight": 10,
      "Min Group Count": 4,
      "Max Group Count": 4
    },
    {
      "Entity Class": "drzhark.mocreatures.entity.aquatic.MoCEntityBass",
      "Weight": 10,
      "Min Group Count": 1,
      "Max Group Count": 4
    }
  ],
  "Spawnable Cave Creatures": [
    {
      "Entity Class": "net.minecraft.entity.passive.EntityBat",
      "Weight": 10,
      "Min Group Count": 8,
      "Max Group Count": 8
    },
    {
      "Entity Class": "drzhark.mocreatures.entity.ambient.MoCEntityAnt",
      "Weight": 12,
      "Min Group Count": 1,
      "Max Group Count": 4
    },
    {
      "Entity Class": "drzhark.mocreatures.entity.ambient.MoCEntityButterfly",
      "Weight": 12,
      "Min Group Count": 1,
      "Max Group Count": 4
    },
    {
      "Entity Class": "drzhark.mocreatures.entity.ambient.MoCEntityCricket",
      "Weight": 10,
      "Min Group Count": 1,
      "Max Group Count": 2
    }
  ],
  "Spawn Biome": true,
  "Tweaked": true,
  "BOP Generators": {},
  "BOP Owner": "OTHER",
  "BOP Weight Map": {},
  "BOP Climate Weights": {
    "WET_TEMPERATE": [
      10
    ]
  },
  "BOP Island Weight": 0
}