
{
  "ID": 127,
  "Name": "The Void",
  "Resource Location": "minecraft:void",
  "Class": "net.minecraft.world.biome.BiomeVoid",
  "Root Height": 3.8,
  "Height Variation": 0.2,
  "Top Block": "minecraft:grass[snowy\u003dfalse]",
  "Filler Block": "minecraft:dirt[snowy\u003dfalse,variant\u003ddirt]",
  "Ocean Top Block": "minecraft:gravel",
  "Ocean Filler Block": "minecraft:stone[variant\u003dstone]",
  "Actual Filler Blocks": [
    "minecraft:stone[variant\u003dstone]"
  ],
  "Grass Color": "Not set. Check in-game.",
  "Foliage Color": "Not set. Check in-game.",
  "Water Color": "4159204",
  "Temperature": 0.5,
  "Humidity": 0.5,
  "Water Tint": 4159204,
  "Enable Rain": false,
  "Enable Snow": false,
  "Dictionary Types": [
    "VOID"
  ],
  "BiomeManager Entries": {},
  "Spawnable Creatures": [],
  "Spawnable Monsters": [],
  "Spawnable Water Creatures": [],
  "Spawnable Cave Creatures": [],
  "Spawn Biome": false,
  "Tweaked": false,
  "BOP Generators": {},
  "BOP Owner": "OTHER",
  "BOP Weight Map": {},
  "BOP Climate Weights": {},
  "BOP Island Weight": 0
}