
{
  "ID": 73,
  "Name": "Underground Jungle",
  "Resource Location": "erebus:underground_jungle",
  "Class": "erebus.world.biomes.BiomeUndergroundJungle",
  "Root Height": 3.8,
  "Height Variation": 0.2,
  "Top Block": "minecraft:grass[snowy\u003dfalse]",
  "Filler Block": "minecraft:dirt[snowy\u003dfalse,variant\u003ddirt]",
  "Ocean Top Block": "minecraft:gravel",
  "Ocean Filler Block": "minecraft:stone[variant\u003dstone]",
  "Actual Filler Blocks": [
    "minecraft:stone[variant\u003dstone]"
  ],
  "Grass Color": "Not set. Check in-game.",
  "Foliage Color": "Not set. Check in-game.",
  "Water Color": "4159204",
  "Temperature": 0.5,
  "Humidity": 0.5,
  "Water Tint": 4159204,
  "Enable Rain": true,
  "Enable Snow": false,
  "Dictionary Types": [
    "HOT",
    "VOID",
    "LUSH",
    "DENSE",
    "JUNGLE"
  ],
  "BiomeManager Entries": {},
  "Spawnable Creatures": [
    {
      "Entity Class": "drzhark.mocreatures.entity.passive.MoCEntityMole",
      "Weight": 10,
      "Min Group Count": 1,
      "Max Group Count": 2
    },
    {
      "Entity Class": "drzhark.mocreatures.entity.hunter.MoCEntityPanther",
      "Weight": 6,
      "Min Group Count": 1,
      "Max Group Count": 2
    }
  ],
  "Spawnable Monsters": [],
  "Spawnable Water Creatures": [
    {
      "Entity Class": "drzhark.mocreatures.entity.aquatic.MoCEntityPiranha",
      "Weight": 4,
      "Min Group Count": 1,
      "Max Group Count": 3
    }
  ],
  "Spawnable Cave Creatures": [
    {
      "Entity Class": "drzhark.mocreatures.entity.ambient.MoCEntityAnt",
      "Weight": 12,
      "Min Group Count": 1,
      "Max Group Count": 4
    },
    {
      "Entity Class": "drzhark.mocreatures.entity.ambient.MoCEntityCricket",
      "Weight": 10,
      "Min Group Count": 1,
      "Max Group Count": 2
    },
    {
      "Entity Class": "drzhark.mocreatures.entity.ambient.MoCEntityRoach",
      "Weight": 10,
      "Min Group Count": 1,
      "Max Group Count": 2
    }
  ],
  "Spawn Biome": false,
  "Tweaked": true,
  "BOP Generators": {},
  "BOP Owner": "OTHER",
  "BOP Weight Map": {},
  "BOP Climate Weights": {},
  "BOP Island Weight": 0
}