
{
  "ID": 248,
  "Name": "Venusian Mountains",
  "Resource Location": "biometweaker:venusianmountains",
  "Class": "me.superckl.biometweaker.common.world.biome.BiomeTweakerBiome",
  "Root Height": 6.18,
  "Height Variation": 0.98,
  "Top Block": "bblsom:venusiangrass[snowy\u003dfalse]",
  "Filler Block": "minecraft:dirt[snowy\u003dfalse,variant\u003ddirt]",
  "Ocean Top Block": "minecraft:gravel",
  "Ocean Filler Block": "minecraft:gravel",
  "Actual Filler Blocks": [
    "minecraft:stone[variant\u003dstone]"
  ],
  "Grass Color": "Not set. Check in-game.",
  "Foliage Color": "Not set. Check in-game.",
  "Water Color": "4159204",
  "Temperature": 0.5,
  "Humidity": 0.5,
  "Water Tint": 4159204,
  "Enable Rain": true,
  "Enable Snow": false,
  "Dictionary Types": [
    "HOT",
    "WATER",
    "OCEAN"
  ],
  "BiomeManager Entries": {},
  "Spawnable Creatures": [],
  "Spawnable Monsters": [],
  "Spawnable Water Creatures": [
    {
      "Entity Class": "drzhark.mocreatures.entity.aquatic.MoCEntityJellyFish",
      "Weight": 8,
      "Min Group Count": 1,
      "Max Group Count": 4
    },
    {
      "Entity Class": "drzhark.mocreatures.entity.aquatic.MoCEntityMantaRay",
      "Weight": 10,
      "Min Group Count": 1,
      "Max Group Count": 2
    },
    {
      "Entity Class": "drzhark.mocreatures.entity.aquatic.MoCEntityShark",
      "Weight": 6,
      "Min Group Count": 1,
      "Max Group Count": 2
    },
    {
      "Entity Class": "drzhark.mocreatures.entity.aquatic.MoCEntityAnchovy",
      "Weight": 12,
      "Min Group Count": 1,
      "Max Group Count": 6
    },
    {
      "Entity Class": "drzhark.mocreatures.entity.aquatic.MoCEntityAngler",
      "Weight": 12,
      "Min Group Count": 1,
      "Max Group Count": 6
    },
    {
      "Entity Class": "drzhark.mocreatures.entity.aquatic.MoCEntityHippoTang",
      "Weight": 12,
      "Min Group Count": 1,
      "Max Group Count": 6
    },
    {
      "Entity Class": "drzhark.mocreatures.entity.aquatic.MoCEntityManderin",
      "Weight": 12,
      "Min Group Count": 1,
      "Max Group Count": 6
    },
    {
      "Entity Class": "com.sirsquidly.oe.entity.EntityGlowSquid",
      "Weight": 8,
      "Min Group Count": 2,
      "Max Group Count": 4
    },
    {
      "Entity Class": "com.sirsquidly.oe.entity.EntityCod",
      "Weight": 15,
      "Min Group Count": 3,
      "Max Group Count": 7
    },
    {
      "Entity Class": "com.sirsquidly.oe.entity.EntitySalmon",
      "Weight": 15,
      "Min Group Count": 1,
      "Max Group Count": 5
    },
    {
      "Entity Class": "com.sirsquidly.oe.entity.EntityDolphin",
      "Weight": 10,
      "Min Group Count": 3,
      "Max Group Count": 5
    },
    {
      "Entity Class": "com.sirsquidly.oe.entity.EntityTropicalFish",
      "Weight": 30,
      "Min Group Count": 8,
      "Max Group Count": 8
    },
    {
      "Entity Class": "com.sirsquidly.oe.entity.EntityClam",
      "Weight": 5,
      "Min Group Count": 1,
      "Max Group Count": 1
    },
    {
      "Entity Class": "com.sirsquidly.oe.entity.EntityLobster",
      "Weight": 3,
      "Min Group Count": 2,
      "Max Group Count": 4
    },
    {
      "Entity Class": "com.sirsquidly.oe.entity.EntityDrowned",
      "Weight": 3,
      "Min Group Count": 2,
      "Max Group Count": 4
    }
  ],
  "Spawnable Cave Creatures": [
    {
      "Entity Class": "drzhark.mocreatures.entity.ambient.MoCEntityAnt",
      "Weight": 12,
      "Min Group Count": 1,
      "Max Group Count": 4
    },
    {
      "Entity Class": "drzhark.mocreatures.entity.ambient.MoCEntityRoach",
      "Weight": 10,
      "Min Group Count": 1,
      "Max Group Count": 2
    }
  ],
  "Spawn Biome": false,
  "Tweaked": true,
  "BOP Generators": {},
  "BOP Owner": "OTHER",
  "BOP Weight Map": {},
  "BOP Climate Weights": {},
  "BOP Island Weight": 0
}