
{
  "ID": 41,
  "Name": "White Beach",
  "Resource Location": "biomesoplenty:white_beach",
  "Class": "biomesoplenty.common.biome.overworld.BiomeGenWhiteBeach",
  "Root Height": -0.05882353,
  "Height Variation": 0.112500004,
  "Top Block": "biomesoplenty:white_sand",
  "Filler Block": "biomesoplenty:white_sand",
  "Ocean Top Block": "minecraft:gravel",
  "Ocean Filler Block": "minecraft:stone[variant\u003dstone]",
  "Actual Filler Blocks": [
    "minecraft:stone[variant\u003dstone]"
  ],
  "Grass Color": "Not set. Check in-game.",
  "Foliage Color": "Not set. Check in-game.",
  "Water Color": "4159204",
  "Temperature": 1.0,
  "Humidity": 0.95,
  "Water Tint": 4159204,
  "Enable Rain": true,
  "Enable Snow": false,
  "Dictionary Types": [
    "BEACH"
  ],
  "BiomeManager Entries": {},
  "Spawnable Creatures": [
    {
      "Entity Class": "mod.reborn.server.entity.animal.EntityCrab",
      "Weight": 20,
      "Min Group Count": 4,
      "Max Group Count": 8
    },
    {
      "Entity Class": "org.zawamod.entity.flying.EntityAlbatross",
      "Weight": 18,
      "Min Group Count": 1,
      "Max Group Count": 2
    }
  ],
  "Spawnable Monsters": [],
  "Spawnable Water Creatures": [
    {
      "Entity Class": "net.minecraft.entity.passive.EntitySquid",
      "Weight": 10,
      "Min Group Count": 4,
      "Max Group Count": 4
    },
    {
      "Entity Class": "drzhark.mocreatures.entity.aquatic.MoCEntityAnchovy",
      "Weight": 12,
      "Min Group Count": 1,
      "Max Group Count": 6
    },
    {
      "Entity Class": "drzhark.mocreatures.entity.aquatic.MoCEntityAngler",
      "Weight": 12,
      "Min Group Count": 1,
      "Max Group Count": 6
    },
    {
      "Entity Class": "drzhark.mocreatures.entity.aquatic.MoCEntityHippoTang",
      "Weight": 12,
      "Min Group Count": 1,
      "Max Group Count": 6
    },
    {
      "Entity Class": "drzhark.mocreatures.entity.aquatic.MoCEntityManderin",
      "Weight": 12,
      "Min Group Count": 1,
      "Max Group Count": 6
    }
  ],
  "Spawnable Cave Creatures": [
    {
      "Entity Class": "net.minecraft.entity.passive.EntityBat",
      "Weight": 10,
      "Min Group Count": 8,
      "Max Group Count": 8
    }
  ],
  "Spawn Biome": false,
  "Tweaked": false,
  "BOP Generators": {},
  "BOP Owner": "BIOMESOPLENTY",
  "BOP Weight Map": {},
  "BOP Climate Weights": {},
  "BOP Island Weight": 0
}