{
  "mc_version": "1.12.x",
  "config_version": 3,
  "grouplist-0": [
    [
      {"id":"minecraft:grass"},
      {"id":"minecraft:dirt"},
      {"id":"minecraft:dirt","meta":1},
      {"id":"minecraft:dirt","meta":2},
      {"id":"minecraft:gravel"},
      {"id":"minecraft:clay"},
      {"id":"minecraft:stone"},
      {"id":"minecraft:stone","meta":1},
      {"id":"minecraft:stone","meta":3},
      {"id":"minecraft:stone","meta":5}
    ],
    [
      {"id":"minecraft:coal_ore"},
      {"id":"minecraft:lapis_ore"},
      {"id":"minecraft:iron_ore"},
      {"id":"minecraft:gold_ore"},
      {"id":"minecraft:redstone_ore"},
      {"id":"minecraft:diamond_ore"},
      {"id":"minecraft:emerald_ore"}
    ],
    [
      {"id":"minecraft:stone","meta":2},
      {"id":"minecraft:stone","meta":4},
      {"id":"minecraft:stone","meta":6},
      {"id":"minecraft:brick_block"},
      {"id":"minecraft:brick_stairs"},
      {"id":"minecraft:stone_slab","meta":4},
      {"id":"minecraft:stonebrick"},
      {"id":"minecraft:stonebrick","meta":1},
      {"id":"minecraft:stonebrick","meta":2},
      {"id":"minecraft:stonebrick","meta":3},
      {"id":"minecraft:stone_brick_stairs"},
      {"id":"minecraft:stone_slab","meta":5},
      {"id":"minecraft:nether_brick"},
      {"id":"minecraft:nether_brick_stairs"},
      {"id":"minecraft:stone_slab","meta":6},
      {"id":"minecraft:nether_brick_fence"},
      {"id":"minecraft:red_nether_brick"},
      {"id":"minecraft:quartz_block"},
      {"id":"minecraft:quartz_block","meta":1},
      {"id":"minecraft:quartz_block","meta":2},
      {"id":"minecraft:quartz_stairs"},
      {"id":"minecraft:stone_slab","meta":7},
      {"id":"minecraft:purpur_block"},
      {"id":"minecraft:purpur_pillar"},
      {"id":"minecraft:purpur_stairs"},
      {"id":"minecraft:purpur_slab"}
    ],
    [
      {"id":"minecraft:sand"},
      {"id":"minecraft:sandstone"},
      {"id":"minecraft:sandstone","meta":1},
      {"id":"minecraft:sandstone","meta":2},
      {"id":"minecraft:stone_slab","meta":1},
      {"id":"minecraft:sandstone_stairs"},
      {"id":"minecraft:sand","meta":1},
      {"id":"minecraft:red_sandstone"},
      {"id":"minecraft:red_sandstone","meta":1},
      {"id":"minecraft:red_sandstone","meta":2},
      {"id":"minecraft:stone_slab2"},
      {"id":"minecraft:red_sandstone_stairs"}
    ],
    [
      {"id":"minecraft:coal_block"},
      {"id":"minecraft:lapis_block"},
      {"id":"minecraft:iron_block"},
      {"id":"minecraft:gold_block"},
      {"id":"minecraft:redstone_block"},
      {"id":"minecraft:diamond_block"},
      {"id":"minecraft:emerald_block"}
    ],
    [
      {"id":"minecraft:planks"},
      {"id":"minecraft:wooden_slab"},
      {"id":"minecraft:oak_stairs"},
      {"id":"minecraft:fence"},
      {"id":"minecraft:fence_gate"},
      {"id":"minecraft:wooden_door"},
      {"id":"minecraft:planks","meta":1},
      {"id":"minecraft:wooden_slab","meta":1},
      {"id":"minecraft:spruce_stairs"},
      {"id":"minecraft:spruce_fence"},
      {"id":"minecraft:spruce_fence_gate"},
      {"id":"minecraft:spruce_door"},
      {"id":"minecraft:planks","meta":2},
      {"id":"minecraft:wooden_slab","meta":2},
      {"id":"minecraft:birch_stairs"},
      {"id":"minecraft:birch_fence"},
      {"id":"minecraft:birch_fence_gate"},
      {"id":"minecraft:birch_door"},
      {"id":"minecraft:planks","meta":3},
      {"id":"minecraft:wooden_slab","meta":3},
      {"id":"minecraft:jungle_stairs"},
      {"id":"minecraft:jungle_fence"},
      {"id":"minecraft:jungle_fence_gate"},
      {"id":"minecraft:jungle_door"},
      {"id":"minecraft:planks","meta":4},
      {"id":"minecraft:wooden_slab","meta":4},
      {"id":"minecraft:acacia_stairs"},
      {"id":"minecraft:acacia_fence"},
      {"id":"minecraft:acacia_fence_gate"},
      {"id":"minecraft:acacia_door"},
      {"id":"minecraft:planks","meta":5},
      {"id":"minecraft:wooden_slab","meta":5},
      {"id":"minecraft:dark_oak_stairs"},
      {"id":"minecraft:dark_oak_fence"},
      {"id":"minecraft:dark_oak_fence_gate"},
      {"id":"minecraft:dark_oak_door"}
    ],
    [
      {"id":"minecraft:log"},
      {"id":"minecraft:leaves"},
      {"id":"minecraft:log","meta":1},
      {"id":"minecraft:leaves","meta":1},
      {"id":"minecraft:log","meta":2},
      {"id":"minecraft:leaves","meta":2},
      {"id":"minecraft:log","meta":3},
      {"id":"minecraft:leaves","meta":3},
      {"id":"minecraft:log2"},
      {"id":"minecraft:leaves2"},
      {"id":"minecraft:log2","meta":1},
      {"id":"minecraft:leaves2","meta":1}
    ],
    [
      {"id":"minecraft:sapling"},
      {"id":"minecraft:sapling","meta":1},
      {"id":"minecraft:sapling","meta":2},
      {"id":"minecraft:sapling","meta":3},
      {"id":"minecraft:sapling","meta":4},
      {"id":"minecraft:sapling","meta":5},
      {"id":"minecraft:tallgrass"},
      {"id":"minecraft:tallgrass","meta":1},
      {"id":"minecraft:vine"},
      {"id":"minecraft:waterlily"},
      {"id":"minecraft:yellow_flower"},
      {"id":"minecraft:red_flower"},
      {"id":"minecraft:red_flower","meta":1},
      {"id":"minecraft:red_flower","meta":2},
      {"id":"minecraft:red_flower","meta":3},
      {"id":"minecraft:red_flower","meta":4},
      {"id":"minecraft:red_flower","meta":5},
      {"id":"minecraft:red_flower","meta":6},
      {"id":"minecraft:red_flower","meta":7},
      {"id":"minecraft:red_flower","meta":8},
      {"id":"minecraft:double_plant"},
      {"id":"minecraft:double_plant","meta":1},
      {"id":"minecraft:double_plant","meta":2},
      {"id":"minecraft:double_plant","meta":3},
      {"id":"minecraft:double_plant","meta":4},
      {"id":"minecraft:double_plant","meta":5},
      {"id":"minecraft:cactus"},
      {"id":"minecraft:deadbush"},
      {"id":"minecraft:brown_mushroom"},
      {"id":"minecraft:red_mushroom"}
    ],
    [
      {"id":"minecraft:rail"},
      {"id":"minecraft:golden_rail"},
      {"id":"minecraft:detector_rail"},
      {"id":"minecraft:activator_rail"},
      {"id":"minecraft:minecart"},
      {"id":"minecraft:chest_minecart"},
      {"id":"minecraft:furnace_minecart"},
      {"id":"minecraft:hopper_minecart"},
      {"id":"minecraft:tnt_minecart"}
    ],
    [
      {"id":"minecraft:bow"},
      {"id":"minecraft:bow","nbt":"{ench:[{lvl:5s,id:48s}]}"},
      {"id":"minecraft:bow","nbt":"{ench:[{lvl:2s,id:49s}]}"},
      {"id":"minecraft:bow","nbt":"{ench:[{lvl:1s,id:50s}]}"},
      {"id":"minecraft:bow","nbt":"{ench:[{lvl:1s,id:51s}]}"}
    ]
  ],
  "grouplist-1": [
    [
      {"id":"minecraft:wool","meta":14},
      {"id":"minecraft:wool","meta":1},
      {"id":"minecraft:wool","meta":4},
      {"id":"minecraft:wool","meta":5},
      {"id":"minecraft:wool","meta":13},
      {"id":"minecraft:wool","meta":9},
      {"id":"minecraft:wool","meta":3},
      {"id":"minecraft:wool","meta":11},
      {"id":"minecraft:wool","meta":10},
      {"id":"minecraft:wool","meta":2},
      {"id":"minecraft:wool","meta":6},
      {"id":"minecraft:wool","meta":12},
      {"id":"minecraft:wool","meta":15},
      {"id":"minecraft:wool","meta":7},
      {"id":"minecraft:wool","meta":8},
      {"id":"minecraft:wool"}
    ],
    [
      {"id":"minecraft:glass"},
      {"id":"minecraft:stained_glass","meta":14},
      {"id":"minecraft:stained_glass","meta":1},
      {"id":"minecraft:stained_glass","meta":4},
      {"id":"minecraft:stained_glass","meta":5},
      {"id":"minecraft:stained_glass","meta":13},
      {"id":"minecraft:stained_glass","meta":9},
      {"id":"minecraft:stained_glass","meta":3},
      {"id":"minecraft:stained_glass","meta":11},
      {"id":"minecraft:stained_glass","meta":10},
      {"id":"minecraft:stained_glass","meta":2},
      {"id":"minecraft:stained_glass","meta":6},
      {"id":"minecraft:stained_glass","meta":12},
      {"id":"minecraft:stained_glass","meta":15},
      {"id":"minecraft:stained_glass","meta":7},
      {"id":"minecraft:stained_glass","meta":8},
      {"id":"minecraft:stained_glass"}
    ],
    [
      {"id":"minecraft:hardened_clay"},
      {"id":"minecraft:stained_hardened_clay","meta":14},
      {"id":"minecraft:stained_hardened_clay","meta":1},
      {"id":"minecraft:stained_hardened_clay","meta":4},
      {"id":"minecraft:stained_hardened_clay","meta":5},
      {"id":"minecraft:stained_hardened_clay","meta":13},
      {"id":"minecraft:stained_hardened_clay","meta":9},
      {"id":"minecraft:stained_hardened_clay","meta":3},
      {"id":"minecraft:stained_hardened_clay","meta":11},
      {"id":"minecraft:stained_hardened_clay","meta":10},
      {"id":"minecraft:stained_hardened_clay","meta":2},
      {"id":"minecraft:stained_hardened_clay","meta":6},
      {"id":"minecraft:stained_hardened_clay","meta":12},
      {"id":"minecraft:stained_hardened_clay","meta":15},
      {"id":"minecraft:stained_hardened_clay","meta":7},
      {"id":"minecraft:stained_hardened_clay","meta":8},
      {"id":"minecraft:stained_hardened_clay"}
    ],
    [
      {"id":"minecraft:concrete","meta":14},
      {"id":"minecraft:concrete","meta":1},
      {"id":"minecraft:concrete","meta":4},
      {"id":"minecraft:concrete","meta":5},
      {"id":"minecraft:concrete","meta":13},
      {"id":"minecraft:concrete","meta":9},
      {"id":"minecraft:concrete","meta":3},
      {"id":"minecraft:concrete","meta":11},
      {"id":"minecraft:concrete","meta":10},
      {"id":"minecraft:concrete","meta":2},
      {"id":"minecraft:concrete","meta":6},
      {"id":"minecraft:concrete","meta":12},
      {"id":"minecraft:concrete","meta":15},
      {"id":"minecraft:concrete","meta":7},
      {"id":"minecraft:concrete","meta":8},
      {"id":"minecraft:concrete"}
    ],
    [
      {"id":"minecraft:concrete_powder","meta":14},
      {"id":"minecraft:concrete_powder","meta":1},
      {"id":"minecraft:concrete_powder","meta":4},
      {"id":"minecraft:concrete_powder","meta":5},
      {"id":"minecraft:concrete_powder","meta":13},
      {"id":"minecraft:concrete_powder","meta":9},
      {"id":"minecraft:concrete_powder","meta":3},
      {"id":"minecraft:concrete_powder","meta":11},
      {"id":"minecraft:concrete_powder","meta":10},
      {"id":"minecraft:concrete_powder","meta":2},
      {"id":"minecraft:concrete_powder","meta":6},
      {"id":"minecraft:concrete_powder","meta":12},
      {"id":"minecraft:concrete_powder","meta":15},
      {"id":"minecraft:concrete_powder","meta":7},
      {"id":"minecraft:concrete_powder","meta":8},
      {"id":"minecraft:concrete_powder"}
    ],
    [
      {"id":"minecraft:glass_pane"},
      {"id":"minecraft:stained_glass_pane","meta":14},
      {"id":"minecraft:stained_glass_pane","meta":1},
      {"id":"minecraft:stained_glass_pane","meta":4},
      {"id":"minecraft:stained_glass_pane","meta":5},
      {"id":"minecraft:stained_glass_pane","meta":13},
      {"id":"minecraft:stained_glass_pane","meta":9},
      {"id":"minecraft:stained_glass_pane","meta":3},
      {"id":"minecraft:stained_glass_pane","meta":11},
      {"id":"minecraft:stained_glass_pane","meta":10},
      {"id":"minecraft:stained_glass_pane","meta":2},
      {"id":"minecraft:stained_glass_pane","meta":6},
      {"id":"minecraft:stained_glass_pane","meta":12},
      {"id":"minecraft:stained_glass_pane","meta":15},
      {"id":"minecraft:stained_glass_pane","meta":7},
      {"id":"minecraft:stained_glass_pane","meta":8},
      {"id":"minecraft:stained_glass_pane"}
    ],
    [
      {"id":"minecraft:carpet","meta":14},
      {"id":"minecraft:carpet","meta":1},
      {"id":"minecraft:carpet","meta":4},
      {"id":"minecraft:carpet","meta":5},
      {"id":"minecraft:carpet","meta":13},
      {"id":"minecraft:carpet","meta":9},
      {"id":"minecraft:carpet","meta":3},
      {"id":"minecraft:carpet","meta":11},
      {"id":"minecraft:carpet","meta":10},
      {"id":"minecraft:carpet","meta":2},
      {"id":"minecraft:carpet","meta":6},
      {"id":"minecraft:carpet","meta":12},
      {"id":"minecraft:carpet","meta":15},
      {"id":"minecraft:carpet","meta":7},
      {"id":"minecraft:carpet","meta":8},
      {"id":"minecraft:carpet"}
    ],
    [
      {"id":"minecraft:red_shulker_box"},
      {"id":"minecraft:orange_shulker_box"},
      {"id":"minecraft:yellow_shulker_box"},
      {"id":"minecraft:lime_shulker_box"},
      {"id":"minecraft:green_shulker_box"},
      {"id":"minecraft:cyan_shulker_box"},
      {"id":"minecraft:light_blue_shulker_box"},
      {"id":"minecraft:blue_shulker_box"},
      {"id":"minecraft:purple_shulker_box"},
      {"id":"minecraft:magenta_shulker_box"},
      {"id":"minecraft:pink_shulker_box"},
      {"id":"minecraft:brown_shulker_box"},
      {"id":"minecraft:black_shulker_box"},
      {"id":"minecraft:silver_shulker_box"},
      {"id":"minecraft:white_shulker_box"}
    ],
    [
      {"id":"minecraft:red_glazed_terracotta"},
      {"id":"minecraft:orange_glazed_terracotta"},
      {"id":"minecraft:yellow_glazed_terracotta"},
      {"id":"minecraft:lime_glazed_terracotta"},
      {"id":"minecraft:green_glazed_terracotta"},
      {"id":"minecraft:cyan_glazed_terracotta"},
      {"id":"minecraft:light_blue_glazed_terracotta"},
      {"id":"minecraft:blue_glazed_terracotta"},
      {"id":"minecraft:purple_glazed_terracotta"},
      {"id":"minecraft:magenta_glazed_terracotta"},
      {"id":"minecraft:pink_glazed_terracotta"},
      {"id":"minecraft:brown_glazed_terracotta"},
      {"id":"minecraft:black_glazed_terracotta"},
      {"id":"minecraft:silver_glazed_terracotta"},
      {"id":"minecraft:white_glazed_terracotta"}
    ],
    [
      {"id":"minecraft:bed","meta":14},
      {"id":"minecraft:bed","meta":1},
      {"id":"minecraft:bed","meta":4},
      {"id":"minecraft:bed","meta":5},
      {"id":"minecraft:bed","meta":13},
      {"id":"minecraft:bed","meta":9},
      {"id":"minecraft:bed","meta":3},
      {"id":"minecraft:bed","meta":11},
      {"id":"minecraft:bed","meta":10},
      {"id":"minecraft:bed","meta":2},
      {"id":"minecraft:bed","meta":6},
      {"id":"minecraft:bed","meta":12},
      {"id":"minecraft:bed","meta":15},
      {"id":"minecraft:bed","meta":7},
      {"id":"minecraft:bed","meta":8},
      {"id":"minecraft:bed"}
    ],
    [
      {"id":"minecraft:banner","meta":14},
      {"id":"minecraft:banner","meta":1},
      {"id":"minecraft:banner","meta":4},
      {"id":"minecraft:banner","meta":5},
      {"id":"minecraft:banner","meta":13},
      {"id":"minecraft:banner","meta":9},
      {"id":"minecraft:banner","meta":3},
      {"id":"minecraft:banner","meta":11},
      {"id":"minecraft:banner","meta":10},
      {"id":"minecraft:banner","meta":2},
      {"id":"minecraft:banner","meta":6},
      {"id":"minecraft:banner","meta":12},
      {"id":"minecraft:banner","meta":15},
      {"id":"minecraft:banner","meta":7},
      {"id":"minecraft:banner","meta":8},
      {"id":"minecraft:banner"}
    ]
  ]
}